Time,Channel A
(us),(V)

-2.02872593,-0.00033570
-2.01872593,-0.00033570
-2.00872593,-0.00033570
-1.99872593,-0.00033570
-1.98872593,-0.00033570
-1.97872593,-0.00033570
-1.96872593,-0.00033570
-1.95872593,-0.00033570
-1.94872593,-0.00033570
-1.93872593,-0.00033570
-1.92872593,-0.00033570
-1.91872593,-0.00033570
-1.90872593,-0.00033570
-1.89872593,-0.00033570
-1.88872593,-0.00033570
-1.87872593,-0.00033570
-1.86872593,-0.00939970
-1.85872593,-0.00033570
-1.84872593,-0.00033570
-1.83872593,-0.00033570
-1.82872593,-0.00939970
-1.81872593,-0.00033570
-1.80872593,-0.00033570
-1.79872593,-0.00033570
-1.78872593,-0.00033570
-1.77872593,-0.00033570
-1.76872593,-0.00033570
-1.75872593,-0.00939970
-1.74872593,-0.00033570
-1.73872593,-0.00033570
-1.72872593,-0.00033570
-1.71872593,-0.00033570
-1.70872593,-0.00033570
-1.69872593,-0.00033570
-1.68872593,-0.00033570
-1.67872593,-0.00033570
-1.66872593,-0.00033570
-1.65872593,-0.00033570
-1.64872593,-0.00033570
-1.63872593,-0.00033570
-1.62872593,-0.00033570
-1.61872593,-0.00033570
-1.60872593,-0.00939970
-1.59872593,-0.00939970
-1.58872593,-0.00033570
-1.57872593,-0.00033570
-1.56872593,-0.00033570
-1.55872593,-0.00033570
-1.54872593,-0.00033570
-1.53872593,-0.00033570
-1.52872593,-0.00033570
-1.51872593,-0.00033570
-1.50872593,-0.00033570
-1.49872593,-0.00033570
-1.48872593,-0.00033570
-1.47872593,-0.00033570
-1.46872593,-0.00033570
-1.45872593,-0.00033570
-1.44872593,-0.00033570
-1.43872593,-0.00033570
-1.42872593,-0.00033570
-1.41872593,-0.00033570
-1.40872593,-0.00033570
-1.39872593,-0.00033570
-1.38872593,-0.00939970
-1.37872593,-0.00033570
-1.36872593,-0.00033570
-1.35872593,-0.00033570
-1.34872593,-0.00033570
-1.33872593,-0.00033570
-1.32872593,-0.00033570
-1.31872593,-0.00033570
-1.30872593,-0.00033570
-1.29872593,-0.00033570
-1.28872593,-0.00033570
-1.27872593,-0.00939970
-1.26872593,-0.00033570
-1.25872594,-0.00939970
-1.24872594,-0.00939970
-1.23872594,-0.00033570
-1.22872594,-0.00033570
-1.21872594,-0.00033570
-1.20872594,-0.00033570
-1.19872594,-0.00033570
-1.18872594,-0.00033570
-1.17872594,-0.00033570
-1.16872594,-0.00033570
-1.15872594,-0.00033570
-1.14872594,-0.00033570
-1.13872594,-0.00939970
-1.12872594,-0.00033570
-1.11872594,-0.00033570
-1.10872594,-0.00033570
-1.09872594,-0.00033570
-1.08872594,-0.00033570
-1.07872594,-0.00033570
-1.06872594,-0.00939970
-1.05872594,-0.00939970
-1.04872594,-0.00939970
-1.03872594,-0.00033570
-1.02872594,-0.00033570
-1.01872594,-0.00033570
-1.00872594,-0.00033570
-0.99872594,-0.00033570
-0.98872594,0.00869778
-0.97872594,0.00869778
-0.96872594,-0.00033570
-0.95872594,-0.00033570
-0.94872594,-0.00939970
-0.93872594,-0.00939970
-0.92872594,-0.00939970
-0.91872594,-0.00939970
-0.90872594,-0.00939970
-0.89872594,-0.00033570
-0.88872594,-0.00033570
-0.87872594,-0.00033570
-0.86872594,-0.00033570
-0.85872594,-0.00033570
-0.84872594,-0.00033570
-0.83872594,-0.00033570
-0.82872594,-0.00033570
-0.81872594,-0.00033570
-0.80872594,-0.00033570
-0.79872594,-0.00939970
-0.78872594,-0.00033570
-0.77872594,-0.00033570
-0.76872594,-0.00033570
-0.75872594,-0.00033570
-0.74872594,-0.00939970
-0.73872594,-0.00033570
-0.72872594,-0.00033570
-0.71872594,-0.00939970
-0.70872594,-0.00939970
-0.69872594,-0.00033570
-0.68872594,-0.00033570
-0.67872594,-0.00033570
-0.66872594,-0.00033570
-0.65872594,-0.00033570
-0.64872594,-0.00033570
-0.63872594,-0.00033570
-0.62872594,-0.00939970
-0.61872594,-0.00939970
-0.60872594,-0.00939970
-0.59872594,-0.00033570
-0.58872594,-0.00033570
-0.57872594,-0.00939970
-0.56872594,-0.00033570
-0.55872594,-0.00033570
-0.54872594,-0.00033570
-0.53872594,-0.00033570
-0.52872594,-0.00033570
-0.51872594,-0.00033570
-0.50872594,-0.00939970
-0.49872594,-0.00939970
-0.48872594,-0.00939970
-0.47872594,-0.00033570
-0.46872594,-0.00033570
-0.45872594,-0.00939970
-0.44872594,-0.00939970
-0.43872594,-0.00033570
-0.42872594,-0.00033570
-0.41872594,-0.00033570
-0.40872594,-0.00033570
-0.39872594,-0.00033570
-0.38872594,-0.00033570
-0.37872594,-0.00939970
-0.36872594,-0.00033570
-0.35872594,-0.00033570
-0.34872594,-0.00033570
-0.33872594,-0.00939970
-0.32872594,-0.00939970
-0.31872594,-0.00033570
-0.30872594,-0.00033570
-0.29872594,-0.00033570
-0.28872594,-0.00033570
-0.27872594,-0.00033570
-0.26872594,-0.00033570
-0.25872594,-0.00033570
-0.24872594,-0.00939970
-0.23872594,-0.00033570
-0.22872594,-0.00033570
-0.21872594,-0.00939970
-0.20872594,-0.00939970
-0.19872594,-0.00033570
-0.18872594,-0.00033570
-0.17872594,-0.00939970
-0.16872594,-0.00033570
-0.15872594,-0.00033570
-0.14872594,-0.00033570
-0.13872594,-0.00939970
-0.12872594,-0.00033570
-0.11872594,0.00869778
-0.10872594,-0.00033570
-0.09872594,-0.00033570
-0.08872594,-0.00033570
-0.07872594,-0.00033570
-0.06872594,-0.01843318
-0.05872594,-0.01843318
-0.04872594,-0.02746666
-0.03872594,-0.03653065
-0.02872594,-0.03653065
-0.01872594,-0.04556413
-0.00872594,-0.05462813
0.00127406,-0.06366161
0.01127406,-0.07272561
0.02127406,-0.07272561
0.03127406,-0.08175909
0.04127406,-0.08175909
0.05127406,-0.09082308
0.06127406,-0.09082308
0.07127406,-0.09985656
0.08127406,-0.09985656
0.09127406,-0.10889004
0.10127406,-0.09985656
0.11127406,-0.10889004
0.12127406,-0.09985656
0.13127406,-0.10889004
0.14127406,-0.11795404
0.15127406,-0.10889004
0.16127406,-0.11795404
0.17127406,-0.10889004
0.18127406,-0.11795404
0.19127406,-0.10889004
0.20127406,-0.11795404
0.21127406,-0.10889004
0.22127406,-0.10889004
0.23127406,-0.11795404
0.24127406,-0.11795404
0.25127406,-0.11795404
0.26127406,-0.11795404
0.27127406,-0.11795404
0.28127406,-0.11795404
0.29127406,-0.10889004
0.30127406,-0.10889004
0.31127406,-0.10889004
0.32127406,-0.10889004
0.33127406,-0.10889004
0.34127406,-0.10889004
0.35127406,-0.10889004
0.36127406,-0.09985656
0.37127406,-0.10889004
0.38127405,-0.09985656
0.39127405,-0.09985656
0.40127405,-0.09985656
0.41127405,-0.09985656
0.42127405,-0.09985656
0.43127405,-0.09082308
0.44127405,-0.09082308
0.45127405,-0.09082308
0.46127405,-0.09082308
0.47127405,-0.09082308
0.48127405,-0.09082308
0.49127405,-0.08175909
0.50127405,-0.09082308
0.51127405,-0.09082308
0.52127405,-0.09082308
0.53127405,-0.09082308
0.54127405,-0.09082308
0.55127405,-0.08175909
0.56127405,-0.08175909
0.57127405,-0.07272561
0.58127405,-0.08175909
0.59127405,-0.08175909
0.60127405,-0.08175909
0.61127405,-0.07272561
0.62127405,-0.07272561
0.63127405,-0.07272561
0.64127405,-0.07272561
0.65127405,-0.07272561
0.66127405,-0.07272561
0.67127405,-0.07272561
0.68127405,-0.07272561
0.69127405,-0.07272561
0.70127405,-0.06366161
0.71127405,-0.06366161
0.72127405,-0.06366161
0.73127405,-0.05462813
0.74127405,-0.05462813
0.75127405,-0.06366161
0.76127405,-0.05462813
0.77127405,-0.05462813
0.78127405,-0.06366161
0.79127405,-0.07272561
0.80127405,-0.06366161
0.81127405,-0.05462813
0.82127405,-0.05462813
0.83127405,-0.05462813
0.84127405,-0.05462813
0.85127405,-0.05462813
0.86127405,-0.05462813
0.87127405,-0.04556413
0.88127405,-0.04556413
0.89127405,-0.05462813
0.90127405,-0.05462813
0.91127405,-0.05462813
0.92127405,-0.05462813
0.93127405,-0.05462813
0.94127405,-0.04556413
0.95127405,-0.03653065
0.96127405,-0.03653065
0.97127405,-0.05462813
0.98127405,-0.05462813
0.99127405,-0.05462813
1.00127405,-0.04556413
1.01127405,-0.03653065
1.02127405,-0.04556413
1.03127405,-0.04556413
1.04127405,-0.03653065
1.05127405,-0.03653065
1.06127405,-0.03653065
1.07127405,-0.03653065
1.08127405,-0.03653065
1.09127405,-0.03653065
1.10127405,-0.04556413
1.11127405,-0.03653065
1.12127405,-0.04556413
1.13127405,-0.03653065
1.14127405,-0.03653065
1.15127405,-0.03653065
1.16127405,-0.03653065
1.17127405,-0.03653065
1.18127405,-0.03653065
1.19127405,-0.03653065
1.20127405,-0.03653065
1.21127405,-0.03653065
1.22127405,-0.03653065
1.23127405,-0.03653065
1.24127405,-0.03653065
1.25127405,-0.03653065
1.26127405,-0.02746666
1.27127405,-0.03653065
1.28127405,-0.03653065
1.29127405,-0.03653065
1.30127405,-0.03653065
1.31127405,-0.02746666
1.32127405,-0.02746666
1.33127405,-0.02746666
1.34127405,-0.02746666
1.35127405,-0.02746666
1.36127405,-0.02746666
1.37127405,-0.02746666
1.38127405,-0.02746666
1.39127405,-0.03653065
1.40127405,-0.03653065
1.41127405,-0.02746666
1.42127405,-0.02746666
1.43127405,-0.01843318
1.44127405,-0.02746666
1.45127405,-0.02746666
1.46127405,-0.02746666
1.47127405,-0.02746666
1.48127405,-0.01843318
1.49127405,-0.01843318
1.50127405,-0.02746666
1.51127405,-0.02746666
1.52127405,-0.02746666
1.53127405,-0.02746666
1.54127405,-0.02746666
1.55127405,-0.02746666
1.56127405,-0.01843318
1.57127405,-0.02746666
1.58127405,-0.01843318
1.59127405,-0.01843318
1.60127405,-0.01843318
1.61127405,-0.01843318
1.62127405,-0.02746666
1.63127405,-0.02746666
1.64127405,-0.01843318
1.65127405,-0.01843318
1.66127405,-0.01843318
1.67127405,-0.01843318
1.68127405,-0.01843318
1.69127405,-0.01843318
1.70127405,-0.02746666
1.71127405,-0.02746666
1.72127405,-0.02746666
1.73127405,-0.02746666
1.74127405,-0.01843318
1.75127405,-0.01843318
1.76127405,-0.01843318
1.77127405,-0.01843318
1.78127405,-0.01843318
1.79127405,-0.01843318
1.80127405,-0.01843318
1.81127405,-0.01843318
1.82127405,-0.01843318
1.83127405,-0.01843318
1.84127405,-0.01843318
1.85127405,-0.01843318
1.86127405,-0.01843318
1.87127405,-0.01843318
1.88127405,-0.01843318
1.89127405,-0.01843318
1.90127405,-0.01843318
1.91127405,-0.01843318
1.92127405,-0.01843318
1.93127405,-0.01843318
1.94127405,-0.01843318
1.95127405,-0.01843318
1.96127405,-0.01843318
1.97127405,-0.01843318
1.98127405,-0.01843318
1.99127405,-0.01843318
2.00127405,-0.01843318
2.01127405,-0.01843318
2.02127405,-0.01843318
2.03127404,-0.01843318
2.04127404,-0.01843318
2.05127404,-0.01843318
2.06127404,-0.01843318
2.07127404,-0.01843318
2.08127404,-0.01843318
2.09127404,-0.01843318
2.10127404,-0.01843318
2.11127404,-0.01843318
2.12127404,-0.01843318
2.13127404,-0.01843318
2.14127404,-0.01843318
2.15127404,-0.01843318
2.16127404,-0.01843318
2.17127404,-0.01843318
2.18127404,-0.01843318
2.19127404,-0.01843318
2.20127404,-0.01843318
2.21127404,-0.01843318
2.22127404,-0.01843318
2.23127404,-0.01843318
2.24127404,-0.01843318
2.25127404,-0.01843318
2.26127404,-0.01843318
2.27127404,-0.01843318
2.28127404,-0.01843318
2.29127404,-0.01843318
2.30127404,-0.01843318
2.31127404,-0.01843318
2.32127404,-0.01843318
2.33127404,-0.01843318
2.34127404,-0.01843318
2.35127404,-0.01843318
2.36127404,-0.01843318
2.37127404,-0.01843318
2.38127404,-0.01843318
2.39127404,-0.01843318
2.40127404,-0.01843318
2.41127404,-0.01843318
2.42127404,-0.00939970
2.43127404,-0.00939970
2.44127404,-0.01843318
2.45127404,-0.01843318
2.46127404,-0.01843318
2.47127404,-0.01843318
2.48127404,-0.01843318
2.49127404,-0.01843318
2.50127404,-0.01843318
2.51127404,-0.01843318
2.52127404,-0.01843318
2.53127404,-0.01843318
2.54127404,-0.00939970
2.55127404,-0.00939970
2.56127404,-0.00939970
2.57127404,-0.01843318
2.58127404,-0.01843318
2.59127404,-0.00939970
2.60127404,-0.01843318
2.61127404,-0.01843318
2.62127404,-0.01843318
2.63127404,-0.00939970
2.64127404,-0.00033570
2.65127404,-0.00033570
2.66127404,-0.01843318
2.67127404,-0.02746666
2.68127404,-0.02746666
2.69127404,-0.01843318
2.70127404,-0.01843318
2.71127404,-0.01843318
2.72127404,-0.00939970
2.73127404,-0.01843318
2.74127404,-0.00939970
2.75127404,-0.00939970
2.76127404,-0.00939970
2.77127404,-0.00939970
2.78127404,-0.00939970
2.79127404,-0.01843318
2.80127404,-0.02746666
2.81127404,-0.03653065
2.82127404,-0.01843318
2.83127404,-0.00033570
2.84127404,0.01776177
2.85127404,0.00869778
2.86127404,-0.00033570
2.87127404,-0.01843318
2.88127404,-0.01843318
2.89127404,-0.01843318
2.90127404,-0.01843318
2.91127404,-0.01843318
2.92127404,-0.01843318
2.93127404,-0.01843318
2.94127404,-0.01843318
2.95127404,-0.01843318
2.96127404,-0.00939970
2.97127404,-0.00033570
2.98127404,-0.00033570
2.99127404,-0.00939970
3.00127404,-0.01843318
3.01127404,-0.01843318
3.02127404,-0.01843318
3.03127404,-0.01843318
3.04127404,-0.01843318
3.05127404,-0.01843318
3.06127404,-0.01843318
3.07127404,-0.01843318
3.08127404,-0.00939970
3.09127404,-0.00939970
3.10127404,-0.00939970
3.11127404,-0.01843318
3.12127404,-0.00939970
3.13127404,-0.00939970
3.14127404,-0.00939970
3.15127404,-0.00033570
3.16127404,-0.00939970
3.17127404,-0.01843318
3.18127404,-0.00939970
3.19127404,-0.01843318
3.20127404,-0.01843318
3.21127404,-0.01843318
3.22127404,-0.01843318
3.23127404,-0.01843318
3.24127404,-0.01843318
3.25127404,-0.01843318
3.26127404,-0.00939970
3.27127404,-0.00939970
3.28127404,-0.00939970
3.29127404,-0.00939970
3.30127404,-0.01843318
3.31127404,-0.00939970
3.32127404,-0.00939970
3.33127404,-0.01843318
3.34127404,-0.01843318
3.35127404,-0.01843318
3.36127404,-0.01843318
3.37127404,-0.01843318
3.38127404,-0.00939970
3.39127404,-0.00939970
3.40127404,-0.00939970
3.41127404,-0.00939970
3.42127404,-0.00939970
3.43127404,-0.00939970
3.44127404,-0.01843318
3.45127404,-0.01843318
3.46127404,-0.01843318
3.47127404,-0.01843318
3.48127404,-0.01843318
3.49127404,-0.01843318
3.50127404,-0.00939970
3.51127404,-0.01843318
3.52127404,-0.01843318
3.53127404,-0.00939970
3.54127404,-0.00939970
3.55127404,-0.00939970
3.56127404,-0.01843318
3.57127404,-0.00939970
3.58127404,-0.00939970
3.59127404,-0.00939970
3.60127404,-0.00939970
3.61127404,-0.01843318
3.62127404,-0.01843318
3.63127404,-0.01843318
3.64127404,-0.01843318
3.65127404,-0.01843318
3.66127404,-0.01843318
3.67127403,-0.00033570
3.68127403,-0.00939970
3.69127403,-0.00939970
3.70127403,-0.00939970
3.71127403,-0.00939970
3.72127403,-0.00939970
3.73127403,-0.00939970
3.74127403,-0.00939970
3.75127403,-0.01843318
3.76127403,-0.01843318
3.77127403,-0.01843318
3.78127403,-0.01843318
3.79127403,-0.01843318
3.80127403,-0.01843318
3.81127403,-0.01843318
3.82127403,-0.01843318
3.83127403,-0.00939970
3.84127403,-0.00939970
3.85127403,-0.00939970
3.86127403,-0.00939970
3.87127403,-0.00939970
3.88127403,-0.00939970
3.89127403,-0.01843318
3.90127403,-0.00939970
3.91127403,-0.01843318
3.92127403,-0.01843318
3.93127403,-0.00939970
3.94127403,-0.01843318
3.95127403,-0.00939970
3.96127403,-0.00939970
3.97127403,-0.00939970
3.98127403,-0.01843318
3.99127403,-0.01843318
4.00127403,-0.00939970
4.01127403,-0.01843318
4.02127403,-0.01843318
4.03127403,-0.01843318
4.04127403,-0.01843318
4.05127403,-0.00939970
4.06127403,-0.00939970
4.07127403,-0.00939970
4.08127403,-0.00939970
4.09127403,-0.00033570
4.10127403,-0.00939970
4.11127403,-0.00939970
4.12127403,-0.00939970
4.13127403,-0.01843318
4.14127403,-0.00939970
4.15127403,-0.01843318
4.16127403,-0.00939970
4.17127403,-0.00939970
4.18127403,-0.01843318
4.19127403,-0.01843318
4.20127403,-0.00939970
4.21127403,-0.01843318
4.22127403,-0.00939970
4.23127403,-0.00939970
4.24127403,-0.00939970
4.25127403,-0.01843318
4.26127403,-0.00939970
4.27127403,-0.00939970
4.28127403,-0.00939970
4.29127403,-0.00939970
4.30127403,-0.00939970
4.31127403,-0.00939970
4.32127403,-0.00939970
4.33127403,-0.00939970
4.34127403,-0.00033570
4.35127403,-0.00939970
4.36127403,-0.01843318
4.37127403,-0.00939970
4.38127403,-0.00939970
4.39127403,-0.01843318
4.40127403,-0.01843318
4.41127403,-0.01843318
4.42127403,-0.00939970
4.43127403,-0.00939970
4.44127403,-0.00939970
4.45127403,-0.00939970
4.46127403,-0.00939970
4.47127403,-0.00939970
4.48127403,-0.00939970
4.49127403,-0.00939970
4.50127403,-0.00939970
4.51127403,-0.00939970
4.52127403,-0.01843318
4.53127403,-0.01843318
4.54127403,-0.01843318
4.55127403,-0.00939970
4.56127403,-0.00939970
4.57127403,-0.01843318
4.58127403,-0.00939970
4.59127403,-0.00939970
4.60127403,-0.00939970
4.61127403,-0.00939970
4.62127403,-0.00939970
4.63127403,-0.01843318
4.64127403,-0.00939970
4.65127403,-0.00939970
4.66127403,-0.01843318
4.67127403,-0.00939970
4.68127403,-0.01843318
4.69127403,-0.00939970
4.70127403,-0.01843318
4.71127403,-0.01843318
4.72127403,-0.01843318
4.73127403,-0.01843318
4.74127403,-0.00939970
4.75127403,-0.00939970
4.76127403,-0.00939970
4.77127403,-0.00939970
4.78127403,-0.00939970
4.79127403,-0.00939970
4.80127403,-0.00939970
4.81127403,-0.00939970
4.82127403,-0.00939970
4.83127403,-0.00939970
4.84127403,-0.00939970
4.85127403,-0.00939970
4.86127403,-0.00939970
4.87127403,-0.00939970
4.88127403,-0.01843318
4.89127403,-0.00939970
4.90127403,-0.00939970
4.91127403,-0.00939970
4.92127403,-0.00939970
4.93127403,-0.00939970
4.94127403,-0.00939970
4.95127403,-0.01843318
4.96127403,-0.00939970
4.97127403,-0.00939970
4.98127403,-0.00939970
4.99127403,-0.00939970
5.00127403,-0.00939970
5.01127403,-0.01843318
5.02127403,-0.00939970
5.03127403,-0.00939970
5.04127403,-0.01843318
5.05127403,-0.00939970
5.06127403,-0.00939970
5.07127403,-0.00939970
5.08127403,-0.00939970
5.09127403,-0.00939970
5.10127403,-0.00939970
5.11127403,-0.00939970
5.12127403,-0.00939970
5.13127403,-0.00939970
5.14127403,-0.00939970
5.15127403,-0.00939970
5.16127403,-0.00033570
5.17127403,-0.00939970
5.18127403,-0.00939970
5.19127403,-0.01843318
5.20127403,-0.01843318
5.21127403,-0.00939970
5.22127403,-0.00939970
5.23127403,-0.00939970
5.24127403,-0.00939970
5.25127403,-0.00939970
5.26127403,-0.00939970
5.27127403,-0.00939970
5.28127403,-0.01843318
5.29127403,-0.01843318
5.30127403,-0.00939970
5.31127403,-0.01843318
5.32127402,-0.01843318
5.33127402,-0.01843318
5.34127402,-0.00033570
5.35127402,-0.01843318
5.36127402,-0.00939970
5.37127402,-0.01843318
5.38127402,-0.01843318
5.39127402,-0.01843318
5.40127402,-0.00939970
5.41127402,-0.00939970
5.42127402,-0.00033570
5.43127402,-0.00939970
5.44127402,-0.00939970
5.45127402,-0.00033570
5.46127402,-0.00939970
5.47127402,-0.00939970
5.48127402,-0.00939970
5.49127402,-0.00939970
5.50127402,-0.00939970
5.51127402,-0.00939970
5.52127402,-0.00939970
5.53127402,-0.00939970
5.54127402,-0.00939970
5.55127402,-0.00939970
5.56127402,-0.00939970
5.57127402,-0.01843318
5.58127402,-0.01843318
5.59127402,-0.00033570
5.60127402,-0.00939970
5.61127402,-0.00939970
5.62127402,-0.00939970
5.63127402,-0.00939970
5.64127402,-0.01843318
5.65127402,-0.00939970
5.66127402,-0.00939970
5.67127402,-0.00939970
5.68127402,-0.00939970
5.69127402,-0.00939970
5.70127402,-0.01843318
5.71127402,-0.00033570
5.72127402,-0.00033570
5.73127402,-0.00033570
5.74127402,0.00869778
5.75127402,-0.00033570
5.76127402,0.00869778
5.77127402,0.00869778
5.78127402,-0.00033570
5.79127402,-0.00033570
5.80127402,-0.00033570
5.81127402,-0.00939970
5.82127402,-0.00939970
5.83127402,-0.00939970
5.84127402,-0.00939970
5.85127402,-0.00939970
5.86127402,-0.01843318
5.87127402,-0.01843318
5.88127402,-0.01843318
5.89127402,-0.01843318
5.90127402,-0.00939970
5.91127402,-0.00939970
5.92127402,-0.00939970
5.93127402,-0.00939970
5.94127402,-0.00939970
5.95127402,-0.01843318
5.96127402,-0.01843318
5.97127402,-0.00939970
5.98127402,-0.00939970
5.99127402,-0.00939970
6.00127402,-0.00939970
6.01127402,-0.00939970
6.02127402,-0.00939970
6.03127402,-0.01843318
6.04127402,-0.00939970
6.05127402,-0.00939970
6.06127402,-0.00939970
6.07127402,-0.00939970
6.08127402,-0.00939970
6.09127402,-0.00033570
6.10127402,-0.00939970
6.11127402,-0.00939970
6.12127402,-0.00939970
6.13127402,-0.00939970
6.14127402,-0.00939970
6.15127402,-0.00939970
6.16127402,-0.00939970
6.17127402,-0.00033570
6.18127402,-0.00939970
6.19127402,-0.00033570
6.20127402,-0.00033570
6.21127402,-0.00033570
6.22127402,-0.00939970
6.23127402,-0.00033570
6.24127402,-0.00939970
6.25127402,-0.01843318
6.26127402,-0.00939970
6.27127402,-0.00939970
6.28127402,-0.00939970
6.29127402,-0.01843318
6.30127402,-0.01843318
6.31127402,-0.00939970
6.32127402,-0.01843318
6.33127402,-0.01843318
6.34127402,-0.00939970
6.35127402,-0.00939970
6.36127402,-0.00939970
6.37127402,-0.00939970
6.38127402,-0.00033570
6.39127402,-0.00033570
6.40127402,-0.00939970
6.41127402,-0.00939970
6.42127402,-0.00939970
6.43127402,-0.00939970
6.44127402,-0.01843318
6.45127402,-0.00939970
6.46127402,-0.00939970
6.47127402,-0.01843318
6.48127402,-0.00939970
6.49127402,-0.00939970
6.50127402,-0.00939970
6.51127402,-0.00033570
6.52127402,-0.00033570
6.53127402,-0.00939970
6.54127402,-0.00939970
6.55127402,-0.00033570
6.56127402,-0.00939970
6.57127402,-0.00939970
6.58127402,-0.00939970
6.59127402,-0.00939970
6.60127402,-0.00939970
6.61127402,-0.00939970
6.62127402,-0.01843318
6.63127402,-0.00939970
6.64127402,-0.00939970
6.65127402,-0.00939970
6.66127402,-0.00939970
6.67127402,-0.00939970
6.68127402,-0.00939970
6.69127402,-0.00939970
6.70127402,-0.00939970
6.71127402,-0.00939970
6.72127402,-0.00033570
6.73127402,-0.00939970
6.74127402,-0.01843318
6.75127402,-0.01843318
6.76127402,-0.00939970
6.77127402,-0.00033570
6.78127402,-0.00033570
6.79127402,-0.00033570
6.80127402,-0.00939970
6.81127402,-0.00939970
6.82127402,-0.00033570
6.83127402,-0.00939970
6.84127402,-0.00939970
6.85127402,-0.01843318
6.86127402,-0.01843318
6.87127402,-0.01843318
6.88127402,-0.01843318
6.89127402,-0.00939970
6.90127402,-0.00033570
6.91127402,0.00869778
6.92127402,-0.00033570
6.93127402,-0.01843318
6.94127402,-0.01843318
6.95127402,-0.01843318
6.96127402,-0.01843318
6.97127401,-0.00939970
6.98127401,-0.00939970
6.99127401,-0.01843318
7.00127401,-0.00939970
7.01127401,-0.00033570
7.02127401,-0.00033570
7.03127401,-0.00033570
7.04127401,-0.00033570
7.05127401,-0.00033570
7.06127401,-0.00939970
7.07127401,-0.01843318
7.08127401,-0.01843318
7.09127401,-0.01843318
7.10127401,-0.00939970
7.11127401,-0.01843318
7.12127401,-0.01843318
7.13127401,-0.00939970
7.14127401,-0.00939970
7.15127401,-0.00939970
7.16127401,-0.00939970
7.17127401,-0.00939970
7.18127401,-0.00939970
7.19127401,-0.01843318
7.20127401,-0.00939970
7.21127401,-0.00939970
7.22127401,-0.00033570
7.23127401,-0.00939970
7.24127401,-0.00939970
7.25127401,-0.00939970
7.26127401,-0.00939970
7.27127401,-0.00939970
7.28127401,-0.00939970
7.29127401,-0.01843318
7.30127401,-0.00939970
7.31127401,-0.00939970
7.32127401,-0.00939970
7.33127401,-0.00033570
7.34127401,-0.00939970
7.35127401,-0.00939970
7.36127401,-0.00939970
7.37127401,-0.00939970
7.38127401,-0.00033570
7.39127401,-0.01843318
7.40127401,-0.01843318
7.41127401,-0.01843318
7.42127401,-0.01843318
7.43127401,-0.00939970
7.44127401,-0.00033570
7.45127401,-0.00033570
7.46127401,-0.00033570
7.47127401,-0.00939970
7.48127401,-0.00033570
7.49127401,-0.00939970
7.50127401,-0.00939970
7.51127401,-0.00939970
7.52127401,-0.00939970
7.53127401,-0.00939970
7.54127401,-0.00033570
7.55127401,-0.00939970
7.56127401,-0.00939970
7.57127401,-0.00939970
7.58127401,-0.01843318
7.59127401,-0.01843318
7.60127401,-0.00939970
7.61127401,-0.00939970
7.62127401,-0.00033570
7.63127401,-0.00939970
7.64127401,-0.00033570
7.65127401,-0.01843318
7.66127401,-0.00939970
7.67127401,-0.00939970
7.68127401,-0.00939970
7.69127401,-0.00033570
7.70127401,-0.00939970
7.71127401,-0.00033570
7.72127401,-0.00033570
7.73127401,-0.00033570
7.74127401,-0.00939970
7.75127401,-0.00939970
7.76127401,-0.00939970
7.77127401,-0.00939970
7.78127401,-0.00939970
7.79127401,-0.00939970
7.80127401,-0.00939970
7.81127401,-0.00939970
7.82127401,-0.00939970
7.83127401,-0.00939970
7.84127401,-0.00939970
7.85127401,-0.00033570
7.86127401,-0.00939970
7.87127401,-0.00939970
7.88127401,-0.00939970
7.89127401,-0.00939970
7.90127401,-0.00033570
7.91127401,-0.00939970
7.92127401,-0.00939970
7.93127401,-0.01843318
7.94127401,-0.00939970
7.95127401,-0.00939970
7.96127401,-0.00033570
7.97127401,-0.00033570
7.98127401,-0.00939970
7.99127401,-0.00939970
8.00127401,-0.00939970
8.01127401,-0.00939970
8.02127401,-0.00033570
8.03127401,-0.00033570
8.04127401,-0.00033570
8.05127401,-0.00939970
8.06127401,-0.00939970
8.07127401,-0.00939970
8.08127401,-0.00939970
8.09127401,-0.00939970
8.10127401,-0.00939970
8.11127401,-0.00939970
8.12127401,-0.00939970
8.13127401,-0.00939970
8.14127401,-0.00939970
8.15127401,-0.00939970
8.16127401,-0.00939970
8.17127401,-0.00939970
8.18127401,-0.00939970
8.19127401,-0.00939970
8.20127401,-0.00033570
8.21127401,-0.00939970
8.22127401,-0.00939970
8.23127401,-0.00939970
8.24127401,-0.00939970
8.25127401,-0.00939970
8.26127401,-0.00939970
8.27127401,-0.00033570
8.28127401,-0.00939970
8.29127401,-0.00033570
8.30127401,-0.00939970
8.31127401,-0.00939970
8.32127401,-0.00939970
8.33127401,-0.00939970
8.34127401,-0.00939970
8.35127401,-0.00939970
8.36127401,-0.00033570
8.37127401,-0.00033570
8.38127401,-0.00033570
8.39127401,-0.00033570
8.40127401,-0.00939970
8.41127401,-0.00939970
8.42127401,-0.00939970
8.43127401,-0.00939970
8.44127401,-0.00939970
8.45127401,-0.00939970
8.46127401,-0.00939970
8.47127401,-0.01843318
8.48127401,-0.00939970
8.49127401,-0.01843318
8.50127401,-0.00939970
8.51127401,-0.00939970
8.52127401,-0.00033570
8.53127401,-0.00033570
8.54127401,-0.00033570
8.55127401,-0.00939970
8.56127401,-0.00939970
8.57127401,-0.00939970
8.58127401,-0.00939970
8.59127401,-0.00033570
8.60127401,0.01776177
8.61127400,-0.00033570
8.62127400,-0.00939970
8.63127400,-0.01843318
8.64127400,-0.01843318
8.65127400,-0.00939970
8.66127400,-0.00939970
8.67127400,-0.00033570
8.68127400,-0.00033570
8.69127400,-0.00033570
8.70127400,-0.00033570
8.71127400,-0.00033570
8.72127400,-0.00033570
8.73127400,-0.00033570
8.74127400,-0.00033570
8.75127400,-0.01843318
8.76127400,-0.01843318
8.77127400,-0.02746666
8.78127400,-0.01843318
8.79127400,-0.00033570
8.80127400,0.01776177
8.81127400,0.00869778
8.82127400,-0.00939970
8.83127400,-0.01843318
8.84127400,-0.01843318
8.85127400,-0.00033570
8.86127400,-0.00939970
8.87127400,-0.00939970
8.88127400,-0.01843318
8.89127400,-0.01843318
8.90127400,-0.00939970
8.91127400,-0.00939970
8.92127400,-0.00033570
8.93127400,-0.00033570
8.94127400,-0.00033570
8.95127400,-0.00939970
8.96127400,-0.00939970
8.97127400,-0.00939970
8.98127400,-0.00939970
8.99127400,-0.01843318
9.00127400,-0.01843318
9.01127400,-0.01843318
9.02127400,-0.01843318
9.03127400,-0.00939970
9.04127400,-0.00033570
9.05127400,-0.00033570
9.06127400,-0.00033570
9.07127400,-0.00939970
9.08127400,-0.00939970
9.09127400,-0.00939970
9.10127400,-0.00033570
9.11127400,-0.00939970
9.12127400,-0.00033570
9.13127400,-0.00939970
9.14127400,-0.00033570
9.15127400,-0.00939970
9.16127400,-0.00033570
9.17127400,-0.00939970
9.18127400,-0.00939970
9.19127400,-0.00033570
9.20127400,-0.01843318
9.21127400,-0.00033570
9.22127400,-0.00939970
9.23127400,-0.00939970
9.24127400,-0.00033570
9.25127400,-0.00939970
9.26127400,-0.00033570
9.27127400,-0.00033570
9.28127400,-0.00033570
9.29127400,-0.00939970
9.30127400,-0.00939970
9.31127400,-0.00939970
9.32127400,-0.00939970
9.33127400,-0.00939970
9.34127400,-0.00939970
9.35127400,-0.00033570
9.36127400,-0.00939970
9.37127400,-0.00033570
9.38127400,-0.00033570
9.39127400,-0.00033570
9.40127400,-0.00939970
9.41127400,-0.00939970
9.42127400,-0.00939970
9.43127400,-0.00939970
9.44127400,-0.00939970
9.45127400,-0.00939970
9.46127400,-0.00939970
9.47127400,-0.00939970
9.48127400,-0.00939970
9.49127400,-0.00033570
9.50127400,-0.00033570
9.51127400,-0.00033570
9.52127400,-0.00939970
9.53127400,-0.00033570
9.54127400,-0.00939970
9.55127400,-0.00939970
9.56127400,-0.00939970
9.57127400,-0.00939970
9.58127400,-0.00033570
9.59127400,-0.00939970
9.60127400,-0.00033570
9.61127400,-0.00939970
9.62127400,-0.00033570
9.63127400,-0.00939970
9.64127400,-0.00033570
9.65127400,-0.00939970
9.66127400,-0.00033570
9.67127400,-0.00939970
9.68127400,-0.00939970
9.69127400,-0.00033570
9.70127400,-0.00033570
9.71127400,-0.00939970
9.72127400,-0.00033570
9.73127400,-0.00939970
9.74127400,-0.00939970
9.75127400,-0.00939970
9.76127400,-0.00033570
9.77127400,-0.00033570
9.78127400,-0.00939970
9.79127400,-0.00939970
9.80127400,-0.00033570
9.81127400,-0.00033570
9.82127400,-0.00939970
9.83127400,-0.00939970
9.84127400,-0.00939970
9.85127400,-0.00939970
9.86127400,-0.00939970
9.87127400,-0.00939970
9.88127400,-0.00939970
9.89127400,-0.00939970
9.90127400,-0.00939970
9.91127400,-0.00033570
9.92127400,-0.00939970
9.93127400,-0.00033570
9.94127400,-0.00033570
9.95127400,-0.00033570
9.96127400,-0.00939970
9.97127400,-0.00033570
9.98127400,-0.00033570
9.99127400,-0.00033570
10.00127400,-0.00033570
10.01127400,-0.00939970
10.02127400,-0.00033570
10.03127400,-0.00939970
10.04127400,-0.00939970
10.05127400,-0.00939970
10.06127400,-0.00033570
10.07127400,-0.00939970
10.08127400,-0.00939970
10.09127400,-0.00939970
10.10127400,-0.00033570
10.11127400,-0.00033570
10.12127400,-0.00033570
10.13127400,-0.00033570
10.14127400,-0.00033570
10.15127400,-0.00939970
10.16127400,-0.00939970
10.17127400,-0.00939970
10.18127400,-0.00939970
10.19127400,-0.00939970
10.20127400,-0.00939970
10.21127400,-0.00033570
10.22127400,-0.00033570
10.23127400,-0.00939970
10.24127400,-0.00033570
10.25127400,-0.00033570
10.26127399,-0.00033570
10.27127399,-0.00033570
10.28127399,-0.00033570
10.29127399,-0.00033570
10.30127399,-0.00939970
10.31127399,-0.00033570
10.32127399,-0.00033570
10.33127399,-0.00033570
10.34127399,-0.00939970
10.35127399,-0.00939970
10.36127399,-0.00033570
10.37127399,-0.00939970
10.38127399,-0.00939970
10.39127399,-0.00939970
10.40127399,-0.00939970
10.41127399,-0.00939970
10.42127399,-0.00939970
10.43127399,-0.00033570
10.44127399,-0.00033570
10.45127399,-0.00939970
10.46127399,-0.00033570
10.47127399,-0.00939970
10.48127399,-0.00939970
10.49127399,-0.00033570
10.50127399,-0.00033570
10.51127399,-0.00939970
10.52127399,-0.00033570
10.53127399,-0.00033570
10.54127399,-0.00033570
10.55127399,-0.00033570
10.56127399,-0.00033570
10.57127399,-0.00939970
10.58127399,-0.00939970
10.59127399,-0.00939970
10.60127399,-0.00939970
10.61127399,-0.00939970
10.62127399,-0.00939970
10.63127399,-0.00939970
10.64127399,-0.00939970
10.65127399,-0.00033570
10.66127399,-0.00939970
10.67127399,-0.00033570
10.68127399,-0.00939970
10.69127399,-0.00033570
10.70127399,-0.00939970
10.71127399,-0.00939970
10.72127399,-0.00939970
10.73127399,-0.00939970
10.74127399,-0.00939970
10.75127399,-0.00939970
10.76127399,-0.00033570
10.77127399,-0.00033570
10.78127399,-0.00033570
10.79127399,-0.00033570
10.80127399,-0.00939970
10.81127399,-0.00033570
10.82127399,-0.00939970
10.83127399,-0.00033570
10.84127399,-0.00939970
10.85127399,-0.00939970
10.86127399,-0.00033570
10.87127399,-0.00033570
10.88127399,-0.00033570
10.89127399,-0.00939970
10.90127399,-0.00033570
10.91127399,-0.00033570
10.92127399,-0.00939970
10.93127399,-0.00939970
10.94127399,-0.00939970
10.95127399,-0.00033570
10.96127399,-0.00033570
10.97127399,-0.00939970
10.98127399,-0.00939970
10.99127399,-0.00939970
11.00127399,-0.00033570
11.01127399,-0.00033570
11.02127399,-0.00033570
11.03127399,-0.00033570
11.04127399,-0.00939970
11.05127399,-0.00939970
11.06127399,-0.00033570
11.07127399,-0.00939970
11.08127399,-0.00939970
11.09127399,-0.00939970
11.10127399,-0.00033570
11.11127399,-0.00033570
11.12127399,-0.00033570
11.13127399,-0.00033570
11.14127399,-0.00033570
11.15127399,-0.00033570
11.16127399,-0.00033570
11.17127399,-0.00033570
11.18127399,-0.00033570
11.19127399,-0.00939970
11.20127399,-0.00033570
11.21127399,-0.00939970
11.22127399,-0.00939970
11.23127399,-0.00939970
11.24127399,-0.00033570
11.25127399,-0.00939970
11.26127399,-0.00033570
11.27127399,-0.00033570
11.28127399,-0.00033570
11.29127399,-0.00033570
11.30127399,-0.00033570
11.31127399,-0.00939970
11.32127399,-0.00939970
11.33127399,-0.00033570
11.34127399,-0.00939970
11.35127399,-0.00033570
11.36127399,-0.00033570
11.37127399,-0.00033570
11.38127399,-0.00939970
11.39127399,-0.00033570
11.40127399,-0.00939970
11.41127399,-0.00033570
11.42127399,-0.00939970
11.43127399,-0.00033570
11.44127399,-0.00939970
11.45127399,-0.00939970
11.46127399,-0.00939970
11.47127399,-0.00939970
11.48127399,-0.00939970
11.49127399,-0.00033570
11.50127399,-0.00939970
11.51127399,-0.00939970
11.52127399,-0.00939970
11.53127399,-0.00033570
11.54127399,-0.00033570
11.55127399,-0.00033570
11.56127399,-0.00939970
11.57127399,-0.00939970
11.58127399,-0.00939970
11.59127399,-0.00033570
11.60127399,-0.00033570
11.61127399,-0.00033570
11.62127399,-0.00939970
11.63127399,-0.00939970
11.64127399,-0.00033570
11.65127399,-0.00939970
11.66127399,-0.00939970
11.67127399,-0.00033570
11.68127399,-0.00939970
11.69127399,-0.00939970
11.70127399,-0.00033570
11.71127399,-0.00033570
11.72127399,-0.00939970
11.73127399,-0.00939970
11.74127399,-0.00033570
11.75127399,-0.00939970
11.76127399,-0.00033570
11.77127399,-0.00939970
11.78127399,-0.00033570
11.79127399,-0.00033570
11.80127399,-0.00939970
11.81127399,-0.00939970
11.82127399,-0.00939970
11.83127399,-0.00033570
11.84127399,-0.00939970
11.85127399,-0.00939970
11.86127399,-0.00033570
11.87127399,-0.00939970
11.88127399,-0.00939970
11.89127399,-0.00939970
11.90127398,-0.00939970
11.91127398,-0.00033570
11.92127398,-0.00033570
11.93127398,-0.00939970
11.94127398,-0.00939970
11.95127398,-0.00939970
11.96127398,-0.00033570
11.97127398,-0.00033570
11.98127398,-0.00939970
11.99127398,-0.00939970
12.00127398,-0.00033570
12.01127398,-0.00033570
12.02127398,-0.00033570
12.03127398,-0.00033570
12.04127398,-0.00033570
12.05127398,-0.00939970
12.06127398,-0.00939970
12.07127398,-0.00939970
12.08127398,-0.00939970
12.09127398,-0.00939970
12.10127398,-0.00939970
12.11127398,-0.00033570
12.12127398,-0.00033570
12.13127398,-0.00033570
12.14127398,-0.00033570
12.15127398,-0.00033570
12.16127398,-0.00033570
12.17127398,-0.00939970
12.18127398,-0.00939970
12.19127398,-0.00939970
12.20127398,-0.00939970
12.21127398,-0.00033570
12.22127398,-0.00939970
12.23127398,-0.00939970
12.24127398,-0.00033570
12.25127398,-0.00033570
12.26127398,-0.00033570
12.27127398,-0.00033570
12.28127398,-0.00033570
12.29127398,-0.00033570
12.30127398,-0.00939970
12.31127398,-0.00033570
12.32127398,-0.00033570
12.33127398,-0.00939970
12.34127398,-0.00033570
12.35127398,-0.00939970
12.36127398,-0.00939970
12.37127398,-0.00939970
12.38127398,-0.00939970
12.39127398,-0.00033570
12.40127398,-0.00033570
12.41127398,-0.00033570
12.42127398,-0.00939970
12.43127398,-0.00939970
12.44127398,-0.00033570
12.45127398,-0.00033570
12.46127398,-0.00033570
12.47127398,-0.00939970
12.48127398,-0.00939970
12.49127398,-0.00939970
12.50127398,-0.00939970
12.51127398,-0.00033570
12.52127398,-0.00033570
12.53127398,-0.00939970
12.54127398,-0.00033570
12.55127398,-0.00033570
12.56127398,-0.00939970
12.57127398,-0.00033570
12.58127398,-0.00939970
12.59127398,-0.00939970
12.60127398,-0.00939970
12.61127398,-0.00033570
12.62127398,-0.00033570
12.63127398,-0.00033570
12.64127398,-0.00033570
12.65127398,-0.00033570
12.66127398,-0.00939970
12.67127398,-0.00939970
12.68127398,-0.01843318
12.69127398,-0.01843318
12.70127398,-0.00033570
12.71127398,-0.00033570
12.72127398,-0.00033570
12.73127398,-0.00033570
12.74127398,-0.00939970
12.75127398,-0.00033570
12.76127398,-0.00033570
12.77127398,-0.00939970
12.78127398,-0.00939970
12.79127398,-0.00939970
12.80127398,-0.00033570
12.81127398,-0.00939970
12.82127398,-0.00033570
12.83127398,-0.00939970
12.84127398,-0.00033570
12.85127398,0.00869778
12.86127398,0.00869778
12.87127398,-0.00939970
12.88127398,-0.01843318
12.89127398,-0.00939970
12.90127398,-0.00939970
12.91127398,-0.00939970
12.92127398,-0.00939970
12.93127398,-0.00939970
12.94127398,-0.00033570
12.95127398,-0.00033570
12.96127398,0.00869778
12.97127398,-0.00033570
12.98127398,-0.00033570
12.99127398,-0.00939970
13.00127398,-0.01843318
13.01127398,-0.01843318
13.02127398,-0.00939970
13.03127398,-0.00033570
13.04127398,-0.00033570
13.05127398,-0.00033570
13.06127398,-0.00033570
13.07127398,-0.00033570
13.08127398,-0.00033570
13.09127398,-0.00939970
13.10127398,-0.00939970
13.11127398,-0.00939970
13.12127398,-0.00939970
13.13127398,-0.00033570
13.14127398,-0.00033570
13.15127398,-0.00033570
13.16127398,-0.00033570
13.17127398,-0.00939970
13.18127398,-0.00939970
13.19127398,-0.00939970
13.20127398,-0.00939970
13.21127398,-0.00939970
13.22127398,-0.00939970
13.23127398,-0.00939970
13.24127398,-0.00939970
13.25127398,-0.00033570
13.26127398,-0.00033570
13.27127398,-0.00033570
13.28127398,-0.00033570
13.29127398,-0.00939970
13.30127398,-0.00939970
13.31127398,-0.00033570
13.32127398,-0.00033570
13.33127398,-0.00033570
13.34127398,-0.00939970
13.35127398,-0.00939970
13.36127398,-0.00939970
13.37127398,-0.00033570
13.38127398,-0.00033570
13.39127398,-0.00033570
13.40127398,-0.00033570
13.41127398,-0.00939970
13.42127398,-0.00939970
13.43127398,-0.00939970
13.44127398,-0.00939970
13.45127398,-0.00033570
13.46127398,-0.00939970
13.47127398,-0.00033570
13.48127398,-0.00033570
13.49127398,-0.00033570
13.50127398,-0.00033570
13.51127398,-0.00939970
13.52127398,-0.00939970
13.53127398,-0.00939970
13.54127398,-0.00939970
13.55127397,-0.00939970
13.56127397,-0.00939970
13.57127397,-0.00033570
13.58127397,-0.00939970
13.59127397,-0.00033570
13.60127397,-0.00033570
13.61127397,-0.00939970
13.62127397,-0.00939970
13.63127397,-0.00939970
13.64127397,-0.00939970
13.65127397,-0.00033570
13.66127397,-0.00033570
13.67127397,-0.00033570
13.68127397,-0.00939970
13.69127397,-0.00033570
13.70127397,-0.00033570
13.71127397,-0.00033570
13.72127397,-0.00033570
13.73127397,-0.00033570
13.74127397,-0.00033570
13.75127397,-0.00033570
13.76127397,-0.00033570
13.77127397,-0.00033570
13.78127397,-0.00033570
13.79127397,-0.00033570
13.80127397,-0.00033570
13.81127397,-0.00033570
13.82127397,-0.00033570
13.83127397,-0.00033570
13.84127397,-0.00033570
13.85127397,-0.00033570
13.86127397,-0.00033570
13.87127397,-0.00033570
13.88127397,-0.00033570
13.89127397,-0.00033570
13.90127397,-0.00033570
13.91127397,-0.00033570
13.92127397,-0.00939970
13.93127397,-0.00939970
13.94127397,-0.00939970
13.95127397,-0.00033570
13.96127397,-0.00033570
13.97127397,-0.00033570
13.98127397,-0.00033570
13.99127397,-0.00033570
14.00127397,-0.00033570
14.01127397,-0.00033570
14.02127397,-0.00033570
14.03127397,-0.00033570
14.04127397,-0.00033570
14.05127397,-0.00033570
14.06127397,-0.00033570
14.07127397,-0.00033570
14.08127397,-0.00939970
14.09127397,-0.00033570
14.10127397,-0.00939970
14.11127397,-0.00939970
14.12127397,-0.00939970
14.13127397,-0.00033570
14.14127397,-0.00033570
14.15127397,-0.00033570
14.16127397,-0.00033570
14.17127397,-0.00033570
14.18127397,-0.00033570
14.19127397,-0.00033570
14.20127397,-0.00033570
14.21127397,-0.00033570
14.22127397,-0.00033570
14.23127397,-0.00033570
14.24127397,-0.00033570
14.25127397,-0.00033570
14.26127397,-0.00033570
14.27127397,-0.00033570
14.28127397,-0.00939970
14.29127397,-0.00939970
14.30127397,-0.00033570
14.31127397,-0.00033570
14.32127397,-0.00033570
14.33127397,-0.00033570
14.34127397,-0.00033570
14.35127397,-0.00033570
14.36127397,-0.00939970
14.37127397,-0.00033570
14.38127397,-0.00033570
14.39127397,-0.00033570
14.40127397,-0.00033570
14.41127397,-0.00033570
14.42127397,-0.00939970
14.43127397,-0.00939970
14.44127397,-0.00033570
14.45127397,-0.00033570
14.46127397,-0.00033570
14.47127397,-0.00033570
14.48127397,-0.00939970
14.49127397,-0.00033570
14.50127397,-0.00033570
14.51127397,-0.00939970
14.52127397,-0.00033570
14.53127397,0.00869778
14.54127397,0.01776177
14.55127397,-0.00033570
14.56127397,-0.01843318
14.57127397,-0.01843318
14.58127397,-0.00939970
14.59127397,-0.00033570
14.60127397,-0.00033570
14.61127397,-0.00033570
14.62127397,-0.00033570
14.63127397,0.00869778
14.64127397,-0.00033570
14.65127397,-0.00033570
14.66127397,-0.00033570
14.67127397,-0.00033570
14.68127397,-0.00033570
14.69127397,-0.01843318
14.70127397,-0.02746666
14.71127397,-0.01843318
14.72127397,-0.00033570
14.73127397,0.01776177
14.74127397,0.01776177
14.75127397,0.01776177
14.76127397,-0.00033570
14.77127397,-0.00939970
14.78127397,-0.00939970
14.79127397,-0.00939970
14.80127397,-0.00033570
14.81127397,-0.00939970
14.82127397,-0.00939970
14.83127397,-0.01843318
14.84127397,-0.00939970
14.85127397,-0.00033570
14.86127397,0.00869778
14.87127397,0.00869778
14.88127397,-0.00033570
14.89127397,-0.00033570
14.90127397,-0.00033570
14.91127397,-0.00939970
14.92127397,-0.00033570
14.93127397,-0.00939970
14.94127397,-0.00939970
14.95127397,-0.00939970
14.96127397,-0.00033570
14.97127397,-0.00033570
14.98127397,-0.00033570
14.99127397,-0.00033570
15.00127397,-0.00033570
15.01127397,-0.00033570
15.02127397,-0.00033570
15.03127397,-0.00033570
15.04127397,-0.00033570
15.05127397,-0.00033570
15.06127397,-0.00033570
15.07127397,-0.00033570
15.08127397,-0.00033570
15.09127397,-0.00033570
15.10127397,-0.00033570
15.11127397,-0.00939970
15.12127397,-0.00033570
15.13127397,-0.00939970
15.14127397,-0.00033570
15.15127397,-0.00033570
15.16127397,-0.00033570
15.17127397,-0.00033570
15.18127397,-0.00033570
15.19127396,-0.00033570
15.20127396,-0.00033570
15.21127396,-0.00033570
15.22127396,-0.00939970
15.23127396,-0.00939970
15.24127396,-0.00033570
15.25127396,-0.00939970
15.26127396,-0.00033570
15.27127396,-0.00033570
15.28127396,-0.00033570
15.29127396,-0.00033570
15.30127396,-0.00033570
15.31127396,-0.00033570
15.32127396,-0.00033570
15.33127396,-0.00033570
15.34127396,-0.00033570
15.35127396,-0.00939970
15.36127396,-0.00939970
15.37127396,-0.00939970
15.38127396,-0.00033570
15.39127396,-0.00033570
15.40127396,-0.00033570
15.41127396,-0.00033570
15.42127396,-0.00033570
15.43127396,-0.00033570
15.44127396,-0.00033570
15.45127396,-0.00033570
15.46127396,-0.00033570
15.47127396,-0.00033570
15.48127396,-0.00939970
15.49127396,-0.00033570
15.50127396,-0.00939970
15.51127396,-0.00033570
15.52127396,-0.00033570
15.53127396,-0.00033570
15.54127396,-0.00033570
15.55127396,-0.00033570
15.56127396,-0.00033570
15.57127396,-0.00033570
15.58127396,-0.00939970
15.59127396,-0.00939970
15.60127396,-0.00939970
15.61127396,-0.00033570
15.62127396,-0.00033570
15.63127396,-0.00033570
15.64127396,-0.00033570
15.65127396,-0.00033570
15.66127396,-0.00033570
15.67127396,-0.00033570
15.68127396,-0.00939970
15.69127396,-0.00033570
15.70127396,-0.00939970
15.71127396,-0.00033570
15.72127396,-0.00033570
15.73127396,-0.00033570
15.74127396,-0.00033570
15.75127396,-0.00033570
15.76127396,-0.00033570
15.77127396,-0.00033570
15.78127396,-0.00033570
15.79127396,-0.00033570
15.80127396,-0.00033570
15.81127396,-0.00033570
15.82127396,-0.00033570
15.83127396,-0.00033570
15.84127396,-0.00939970
15.85127396,-0.00033570
15.86127396,-0.00033570
15.87127396,-0.00033570
15.88127396,-0.00033570
15.89127396,-0.00033570
15.90127396,-0.00033570
15.91127396,-0.00033570
15.92127396,-0.00033570
15.93127396,-0.00033570
15.94127396,-0.00033570
15.95127396,-0.00939970
15.96127396,-0.00939970
15.97127396,-0.00033570
15.98127396,-0.00033570
15.99127396,-0.00939970
16.00127396,-0.00033570
16.01127396,-0.00033570
16.02127396,-0.00033570
16.03127396,-0.00033570
16.04127396,-0.00033570
16.05127396,-0.00033570
16.06127396,-0.00033570
16.07127396,-0.00939970
16.08127396,-0.00939970
16.09127396,-0.00033570
16.10127396,-0.00939970
16.11127396,-0.00939970
16.12127396,-0.00939970
16.13127396,-0.00033570
16.14127396,-0.00033570
16.15127396,-0.00033570
16.16127396,-0.00033570
16.17127396,-0.00033570
16.18127396,-0.00033570
16.19127396,-0.00033570
16.20127396,-0.00033570
16.21127396,-0.00033570
16.22127396,-0.00033570
16.23127396,-0.00033570
16.24127396,-0.00033570
16.25127396,-0.00033570
16.26127396,-0.00033570
16.27127396,-0.00033570
16.28127396,-0.00033570
16.29127396,-0.00033570
16.30127396,-0.00033570
16.31127396,-0.00033570
16.32127396,-0.00033570
16.33127396,-0.00033570
16.34127396,-0.00033570
16.35127396,-0.00033570
16.36127396,-0.00033570
16.37127396,-0.00033570
16.38127396,-0.00033570
16.39127396,-0.00033570
16.40127396,-0.00033570
16.41127396,-0.00033570
16.42127396,-0.00033570
16.43127396,-0.00033570
16.44127396,-0.00033570
16.45127396,-0.00939970
16.46127396,-0.00033570
16.47127396,-0.00939970
16.48127396,-0.00033570
16.49127396,-0.00033570
16.50127396,-0.00033570
16.51127396,-0.00033570
16.52127396,-0.00033570
16.53127396,-0.00033570
16.54127396,-0.00033570
16.55127396,-0.00033570
16.56127396,-0.00033570
16.57127396,-0.00033570
16.58127396,-0.00033570
16.59127396,-0.00033570
16.60127396,-0.00033570
16.61127396,-0.00033570
16.62127396,-0.00033570
16.63127396,-0.00033570
16.64127396,-0.00033570
16.65127396,-0.00033570
16.66127396,-0.00033570
16.67127396,-0.00033570
16.68127396,-0.00939970
16.69127396,-0.00033570
16.70127396,-0.00033570
16.71127396,0.00869778
16.72127396,-0.00033570
16.73127396,-0.00033570
16.74127396,-0.00033570
16.75127396,-0.00033570
16.76127396,-0.00033570
16.77127396,-0.00033570
16.78127396,-0.00939970
16.79127396,-0.00939970
16.80127396,-0.00033570
16.81127396,-0.00033570
16.82127396,-0.00939970
16.83127396,-0.00033570
16.84127395,-0.00033570
16.85127395,-0.00033570
16.86127395,-0.00033570
16.87127395,-0.00033570
16.88127395,-0.00033570
16.89127395,-0.00033570
16.90127395,-0.00033570
16.91127395,-0.00033570
16.92127395,-0.00939970
16.93127395,-0.00939970
16.94127395,-0.00033570
16.95127395,-0.00033570
16.96127395,-0.00033570
16.97127395,-0.00033570
16.98127395,-0.00033570
16.99127395,-0.00033570
17.00127395,-0.00033570
17.01127395,-0.00033570
17.02127395,-0.00033570
17.03127395,-0.00939970
17.04127395,-0.00033570
17.05127395,-0.00033570
17.06127395,-0.00033570
17.07127395,-0.00939970
17.08127395,-0.00033570
17.09127395,-0.00033570
17.10127395,-0.00033570
17.11127395,-0.00033570
17.12127395,-0.00033570
17.13127395,-0.00033570
17.14127395,-0.00033570
17.15127395,-0.00033570
17.16127395,-0.00939970
17.17127395,-0.00033570
17.18127395,-0.00033570
17.19127395,-0.00033570
17.20127395,-0.00939970
17.21127395,-0.00033570
17.22127395,-0.00033570
17.23127395,-0.00033570
17.24127395,-0.00033570
17.25127395,-0.00033570
17.26127395,-0.00033570
17.27127395,-0.00033570
17.28127395,-0.00033570
17.29127395,-0.00033570
17.30127395,-0.00033570
17.31127395,-0.00033570
17.32127395,-0.00033570
17.33127395,-0.00033570
17.34127395,-0.00033570
17.35127395,-0.00033570
17.36127395,-0.00033570
17.37127395,-0.00033570
17.38127395,-0.00033570
17.39127395,-0.00033570
17.40127395,-0.00033570
17.41127395,-0.00033570
17.42127395,-0.00033570
17.43127395,-0.00939970
17.44127395,-0.00939970
17.45127395,-0.00939970
17.46127395,-0.00939970
17.47127395,-0.00939970
17.48127395,-0.00033570
17.49127395,-0.00939970
17.50127395,-0.00939970
17.51127395,-0.00033570
17.52127395,-0.00033570
17.53127395,-0.00033570
17.54127395,-0.00939970
17.55127395,-0.00033570
17.56127395,-0.00033570
17.57127395,-0.00939970
17.58127395,-0.00939970
17.59127395,-0.00033570
17.60127395,-0.00033570
17.61127395,-0.00033570
17.62127395,-0.00939970
17.63127395,-0.00033570
17.64127395,-0.00939970
17.65127395,-0.00033570
17.66127395,-0.00939970
17.67127395,-0.00033570
17.68127395,-0.00033570
17.69127395,-0.00939970
17.70127395,-0.00033570
17.71127395,-0.00033570
17.72127395,-0.00939970
17.73127395,-0.00033570
17.74127395,-0.00033570
17.75127395,-0.00939970
17.76127395,-0.00033570
17.77127395,-0.00033570
17.78127395,-0.00939970
17.79127395,-0.00939970
17.80127395,-0.00033570
17.81127395,-0.00033570
17.82127395,-0.00033570
17.83127395,-0.00033570
17.84127395,-0.00939970
17.85127395,-0.00033570
17.86127395,-0.00033570
17.87127395,-0.00939970
17.88127395,-0.00033570
17.89127395,-0.00939970
17.90127395,-0.00939970
17.91127395,-0.00939970
17.92127395,-0.00939970
17.93127395,-0.00939970
17.94127395,-0.00033570
17.95127395,-0.00033570
17.96127395,-0.00033570
17.97127395,-0.00033570
17.98127395,-0.00033570
17.99127395,-0.00033570
18.00127395,-0.00939970
